{
  "source_dbname": "openflights",
  "default_target_dbname": "travel",
  "cosmos_db_autoscale_ru": 5000,
  "collections": [
    {
      "name": "airlines",
      "mapping": {
        "target_dbname": "travel",
        "target_container": "airlines",
        "wrangling_algorithm": "standard",
        "pk_name": "pk",
        "pk_logic": [
          [
            "attribute",
            "name"
          ]
        ],
        "pk_sep": "-",
        "doctype_name": "doctype",
        "doctype_logic": [],
        "doctype_sep": "-",
        "additions": [],
        "excludes": []
      }
    },
    {
      "name": "airports",
      "mapping": {
        "target_dbname": "travel",
        "target_container": "airports",
        "wrangling_algorithm": "standard",
        "pk_name": "pk",
        "pk_logic": [
          [
            "attribute",
            "name"
          ]
        ],
        "pk_sep": "-",
        "doctype_name": "doctype",
        "doctype_logic": [],
        "doctype_sep": "-",
        "additions": [],
        "excludes": []
      }
    },
    {
      "name": "countries",
      "mapping": {
        "target_dbname": "travel",
        "target_container": "countries",
        "wrangling_algorithm": "standard",
        "pk_name": "pk",
        "pk_logic": [
          [
            "attribute",
            "name"
          ]
        ],
        "pk_sep": "-",
        "doctype_name": "doctype",
        "doctype_logic": [],
        "doctype_sep": "-",
        "additions": [],
        "excludes": []
      }
    },
    {
      "name": "planes",
      "mapping": {
        "target_dbname": "travel",
        "target_container": "planes",
        "wrangling_algorithm": "standard",
        "pk_name": "pk",
        "pk_logic": [
          [
            "attribute",
            "name"
          ]
        ],
        "pk_sep": "-",
        "doctype_name": "doctype",
        "doctype_logic": [],
        "doctype_sep": "-",
        "additions": [],
        "excludes": []
      }
    },
    {
      "name": "routes",
      "mapping": {
        "target_dbname": "travel",
        "target_container": "routes",
        "wrangling_algorithm": "standard",
        "pk_name": "pk",
        "pk_logic": [
          [
            "attribute",
            "airline_id"
          ]
        ],
        "pk_sep": "-",
        "doctype_name": "doctype",
        "doctype_logic": [
          [
            "literal",
            "route"
          ]
        ],
        "doctype_sep": "-",
        "additions": [
          [
            "dynamic",
            "_id",
            "oid"
          ],
          [
            "dynamic",
            "t",
            "epoch"
          ]
        ],
        "excludes": [
          "codeshare"
        ]
      }
    }
  ]
}