{
  "source_dbname": "OpenFlights",
  "default_target_dbname": "travel",
  "cosmos_db_autoscale_ru": 4000,
  "collections": [
    {
      "name": "Airlines",
      "mapping": {
        "target_dbname": "travel",
        "target_container": "Airlines",
        "wrangling_algorithm": "standard",
        "pk_name": "pk",
        "pk_logic": [
          [
            "attribute",
            "name"
          ]
        ],
        "pk_sep": "-",
        "doctype_name": "doctype",
        "doctype_logic": [],
        "doctype_sep": "-",
        "additions": [],
        "excludes": []
      }
    },
    {
      "name": "Airports",
      "mapping": {
        "target_dbname": "travel",
        "target_container": "Airports",
        "wrangling_algorithm": "standard",
        "pk_name": "pk",
        "pk_logic": [
          [
            "attribute",
            "name"
          ]
        ],
        "pk_sep": "-",
        "doctype_name": "doctype",
        "doctype_logic": [],
        "doctype_sep": "-",
        "additions": [],
        "excludes": []
      }
    },
    {
      "name": "Countries",
      "mapping": {
        "target_dbname": "travel",
        "target_container": "Countries",
        "wrangling_algorithm": "standard",
        "pk_name": "pk",
        "pk_logic": [
          [
            "attribute",
            "name"
          ]
        ],
        "pk_sep": "-",
        "doctype_name": "doctype",
        "doctype_logic": [],
        "doctype_sep": "-",
        "additions": [],
        "excludes": []
      }
    },
    {
      "name": "Planes",
      "mapping": {
        "target_dbname": "travel",
        "target_container": "Planes",
        "wrangling_algorithm": "standard",
        "pk_name": "pk",
        "pk_logic": [
          [
            "attribute",
            "name"
          ]
        ],
        "pk_sep": "-",
        "doctype_name": "doctype",
        "doctype_logic": [],
        "doctype_sep": "-",
        "additions": [],
        "excludes": []
      }
    },
    {
      "name": "Routes",
      "mapping": {
        "target_dbname": "travel",
        "target_container": "Routes",
        "wrangling_algorithm": "standard",
        "pk_name": "pk",
        "pk_logic": [
          [
            "attribute",
            "airline_id"
          ]
        ],
        "pk_sep": "-",
        "doctype_name": "doctype",
        "doctype_logic": [
          [
            "literal",
            "route"
          ]
        ],
        "doctype_sep": "-",
        "additions": [
          [
            "dynamic",
            "_id",
            "oid"
          ],
          [
            "dynamic",
            "t",
            "epoch"
          ]
        ],
        "excludes": [
          "codeshare"
        ]
      }
    }
  ]
}