{
    "name": "blob__sample_airbnb__listingsAndReviews",
    "properties": {
        "linkedServiceName": {
            "referenceName": "M2CMigrationBlobStorage",
            "type": "LinkedServiceReference"
        },
        "annotations": [],
        "type": "Json",
        "typeProperties": {
            "location": {
                "type": "AzureBlobStorageLocation",
                "container": "sample_airbnb-listingsAndReviews-adf",
                "fileName": "*.json"
            }
        },
        "schema": {}
    }
}