{
    "name": "cosmos__sample_airbnb__listingsAndReviews",
    "properties": {
        "description": "target container",
        "linkedServiceName": {
            "referenceName": "M2CMigrationCosmosDB_sample_airbnb",
            "type": "LinkedServiceReference"
        },
        "annotations": [],
        "type": "CosmosDbMongoDbApiCollection",
        "schema": [],
        "typeProperties": {
            "collection": "listingsAndReviews"
        }
    },
    "type": "Microsoft.DataFactory/factories/datasets"
}